<?xml version="1.0" encoding="utf-8" ?> 
<Products>
<Product ID="1">
<Category>Contact Lenses</Category>
<Subcategory>Disposable</Subcategory>
<Description>Acuvue (6pk)</Description>
<Retail_Price>18.50</Retail_Price>
</Product>

<Product ID="2">
<Category>Contact Lenses</Category>
<Subcategory>Disposable</Subcategory>
<Description>Acuvue 2 (6pk)</Description>
<Retail_Price>18.50</Retail_Price>
</Product>

<Product ID="3">
<Category>Contact Lenses</Category>
<Subcategory>Disposable</Subcategory>
<Description>Acuvue Advance(6pk)</Description>
<Retail_Price>24.00</Retail_Price>
</Product>

<Product ID="4">
<Category>Contact Lenses</Category>
<Subcategory>Disposable</Subcategory>
<Description>Acuvue Bifocal (6pk)</Description>
<Retail_Price>53.00</Retail_Price>
</Product>

<Product ID="5">
<Category>Contact Lenses</Category>
<Subcategory>Disposable</Subcategory>
<Description>Acuvue Oasys (6pk)</Description>
<Retail_Price>40.00</Retail_Price>
</Product>

<Product ID="7">
<Category>Contact Lenses</Category>
<Subcategory>Disposable</Subcategory>
<Description>Biomedics 38 (6pk)</Description>
<Retail_Price>22.00</Retail_Price>
</Product>

<Product ID="8">
<Category>Contact Lenses</Category>
<Subcategory>Disposable</Subcategory>
<Description>Biomedics 55 (6pk)</Description>
<Retail_Price>22.00</Retail_Price>
</Product>

<Product ID="9">
<Category>Contact Lenses</Category>
<Subcategory>Disposable</Subcategory>
<Description>Biomedics Aspheric</Description>
<Retail_Price>24.00</Retail_Price>
</Product>

<Product ID="10">
<Category>Contact Lenses</Category>
<Subcategory>Disposable</Subcategory>
<Description>Biomedics XC60</Description>
<Retail_Price>22.00</Retail_Price>
</Product>

<Product ID="11">
<Category>Contact Lenses</Category>
<Subcategory>Disposable</Subcategory>
<Description>Cooper Multifocal (6pk)</Description>
<Retail_Price>68.50</Retail_Price>
</Product>

<Product ID="12">
<Category>Contact Lenses</Category>
<Subcategory>Disposable</Subcategory>
<Description>CV Encore (6pk)</Description>
<Retail_Price>22.00</Retail_Price>
</Product>

<Product ID="13">
<Category>Contact Lenses</Category>
<Subcategory>Disposable</Subcategory>
<Description>Disposable Contact Lens</Description>
<Retail_Price>30.00</Retail_Price>
</Product>

<Product ID="14">
<Category>Contact Lenses</Category>
<Subcategory>Disposable</Subcategory>
<Description>Focus Dailies (30pk)</Description>
<Retail_Price>28.00</Retail_Price>
</Product>

<Product ID="15">
<Category>Contact Lenses</Category>
<Subcategory>Disposable</Subcategory>
<Description>Focus Dailies (90 pk) 1-4 boxes</Description>
<Retail_Price>66.00</Retail_Price>
</Product>

<Product ID="16">
<Category>Contact Lenses</Category>
<Subcategory>Disposable</Subcategory>
<Description>Focus Dailies (90pk) 4 and more boxes</Description>
<Retail_Price>66.00</Retail_Price>
</Product>

<Product ID="17">
<Category>Contact Lenses</Category>
<Subcategory>Disposable</Subcategory>
<Description>Focus Day and Night (6pk)</Description>
<Retail_Price>68.50</Retail_Price>
</Product>

<Product ID="18">
<Category>Contact Lenses</Category>
<Subcategory>Disposable</Subcategory>
<Description>Focus Monthly (6pk)</Description>
<Retail_Price>35.00</Retail_Price>
</Product>

<Product ID="19">
<Category>Contact Lenses</Category>
<Subcategory>Disposable</Subcategory>
<Description>Focus Progressive (6pk)</Description>
<Retail_Price>62.50</Retail_Price>
</Product>

<Product ID="20">
<Category>Contact Lenses</Category>
<Subcategory>Disposable</Subcategory>
<Description>Focus Progressive Dailies (30pk)</Description>
<Retail_Price>66.00</Retail_Price>
</Product>

<Product ID="21">
<Category>Contact Lenses</Category>
<Subcategory>Disposable</Subcategory>
<Description>Focus Progressive Dailies (90pk)</Description>
<Retail_Price>99.00</Retail_Price>
</Product>

<Product ID="22">
<Category>Contact Lenses</Category>
<Subcategory>Disposable</Subcategory>
<Description>Focus Weekly (6pk)</Description>
<Retail_Price>19.50</Retail_Price>
</Product>

<Product ID="23">
<Category>Contact Lenses</Category>
<Subcategory>Disposable</Subcategory>
<Description>Frequency 55 (6pk)</Description>
<Retail_Price>39.00</Retail_Price>
</Product>

<Product ID="24">
<Category>Contact Lenses</Category>
<Subcategory>Disposable</Subcategory>
<Description>Frequency 55 asph (6pk)</Description>
<Retail_Price>39.00</Retail_Price>
</Product>

<Product ID="25">
<Category>Contact Lenses</Category>
<Subcategory>Disposable</Subcategory>
<Description>Freshlook Lite Tint (6pk)</Description>
<Retail_Price>22.00</Retail_Price>
</Product>

<Product ID="26">
<Category>Contact Lenses</Category>
<Subcategory>Disposable</Subcategory>
<Description>H2O (6pk)</Description>
<Retail_Price>31.50</Retail_Price>
</Product>

<Product ID="27">
<Category>Contact Lenses</Category>
<Subcategory>Disposable</Subcategory>
<Description>Hydrogenics 60 (6pk)</Description>
<Retail_Price>25.00</Retail_Price>
</Product>

<Product ID="28">
<Category>Contact Lenses</Category>
<Subcategory>Disposable</Subcategory>
<Description>Hydrosoft Options Aphakic sph (4pk)</Description>
<Retail_Price>119.00</Retail_Price>
</Product>

<Product ID="29">
<Category>Contact Lenses</Category>
<Subcategory>Disposable</Subcategory>
<Description>Hydrosoft Options sph (4pk)</Description>
<Retail_Price>119.00</Retail_Price>
</Product>

<Product ID="30">
<Category>Contact Lenses</Category>
<Subcategory>Disposable</Subcategory>
<Description>Hydrosoft Toric Custom MTO</Description>
<Retail_Price>139.99</Retail_Price>
</Product>

<Product ID="31">
<Category>Contact Lenses</Category>
<Subcategory>Disposable</Subcategory>
<Description>O2 optix (6pk)</Description>
<Retail_Price>25.00</Retail_Price>
</Product>

<Product ID="32">
<Category>Contact Lenses</Category>
<Subcategory>Disposable</Subcategory>
<Description>One-Day Acuvue (30pk)</Description>
<Retail_Price>27.00</Retail_Price>
</Product>

<Product ID="33">
<Category>Contact Lenses</Category>
<Subcategory>Disposable</Subcategory>
<Description>One-day Softlens 66 (30pk)</Description>
<Retail_Price>66.00</Retail_Price>
</Product>

<Product ID="34">
<Category>Contact Lenses</Category>
<Subcategory>Disposable</Subcategory>
<Description>Precision UV (6pk)</Description>
<Retail_Price>28.50</Retail_Price>
</Product>

<Product ID="35">
<Category>Contact Lenses</Category>
<Subcategory>Disposable</Subcategory>
<Description>Preference (4pk)</Description>
<Retail_Price>59.00</Retail_Price>
</Product>

<Product ID="36">
<Category>Contact Lenses</Category>
<Subcategory>Disposable</Subcategory>
<Description>Proactive 55 (6pk)</Description>
<Retail_Price>22.00</Retail_Price>
</Product>

<Product ID="37">
<Category>Contact Lenses</Category>
<Subcategory>Disposable</Subcategory>
<Description>Proclear Compatibles (6pk)</Description>
<Retail_Price>48.50</Retail_Price>
</Product>

<Product ID="38">
<Category>Contact Lenses</Category>
<Subcategory>Disposable</Subcategory>
<Description>Purevision</Description>
<Retail_Price>58.50</Retail_Price>
</Product>

<Product ID="39">
<Category>Contact Lenses</Category>
<Subcategory>Disposable</Subcategory>
<Description>Softlens 38</Description>
<Retail_Price>18.50</Retail_Price>
</Product>

<Product ID="40">
<Category>Contact Lenses</Category>
<Subcategory>Disposable</Subcategory>
<Description>Softlens 59 (6pk)</Description>
<Retail_Price>16.50</Retail_Price>
</Product>

<Product ID="41">
<Category>Contact Lenses</Category>
<Subcategory>Disposable</Subcategory>
<Description>Softlens 66 (6pk)</Description>
<Retail_Price>24.00</Retail_Price>
</Product>

<Product ID="42">
<Category>Contact Lenses</Category>
<Subcategory>Disposable</Subcategory>
<Description>Softlens 66 Multifocal</Description>
<Retail_Price>49.00</Retail_Price>
</Product>

<Product ID="43">
<Category>Contact Lenses</Category>
<Subcategory>Disposable</Subcategory>
<Description>Softlens 66 Toric (6pk)</Description>
<Retail_Price>39.00</Retail_Price>
</Product>

<Product ID="44">
<Category>Contact Lenses</Category>
<Subcategory>Colored</Subcategory>
<Description>Acuvue Color (6pk)</Description>
<Retail_Price>39.50</Retail_Price>
</Product>

<Product ID="45">
<Category>Contact Lenses</Category>
<Subcategory>Colored</Subcategory>
<Description>Ciba Softcolors</Description>
<Retail_Price>55.00</Retail_Price>
</Product>

<Product ID="46">
<Category>Contact Lenses</Category>
<Subcategory>Colored</Subcategory>
<Description>Compliments</Description>
<Retail_Price>99.00</Retail_Price>
</Product>

<Product ID="47">
<Category>Contact Lenses</Category>
<Subcategory>Colored</Subcategory>
<Description>Custom MTO D2 or D3</Description>
<Retail_Price>159.99</Retail_Price>
</Product>

<Product ID="48">
<Category>Contact Lenses</Category>
<Subcategory>Colored</Subcategory>
<Description>Durasoft 2 colors</Description>
<Retail_Price>55.00</Retail_Price>
</Product>

<Product ID="49">
<Category>Contact Lenses</Category>
<Subcategory>Colored</Subcategory>
<Description>Durasoft 2 Lite eyes</Description>
<Retail_Price>45.00</Retail_Price>
</Product>

<Product ID="50">
<Category>Contact Lenses</Category>
<Subcategory>Colored</Subcategory>
<Description>Durasoft 3 Colors</Description>
<Retail_Price>95.00</Retail_Price>
</Product>

<Product ID="51">
<Category>Contact Lenses</Category>
<Subcategory>Colored</Subcategory>
<Description>Durasoft 3 Opaque Toric</Description>
<Retail_Price>174.00</Retail_Price>
</Product>

<Product ID="52">
<Category>Contact Lenses</Category>
<Subcategory>Colored</Subcategory>
<Description>Expressions (6pk)</Description>
<Retail_Price>59.00</Retail_Price>
</Product>

<Product ID="53">
<Category>Contact Lenses</Category>
<Subcategory>Colored</Subcategory>
<Description>Expressions Accents (6pk)</Description>
<Retail_Price>59.00</Retail_Price>
</Product>

<Product ID="54">
<Category>Contact Lenses</Category>
<Subcategory>Colored</Subcategory>
<Description>Focus Monthly Softcolors (6pk)</Description>
<Retail_Price>49.50</Retail_Price>
</Product>

<Product ID="55">
<Category>Contact Lenses</Category>
<Subcategory>Colored</Subcategory>
<Description>Focus Weekly Softcolors (6pk)</Description>
<Retail_Price>34.50</Retail_Price>
</Product>

<Product ID="56">
<Category>Contact Lenses</Category>
<Subcategory>Colored</Subcategory>
<Description>Freshlook color enhancers (6pk)</Description>
<Retail_Price>39.00</Retail_Price>
</Product>

<Product ID="57">
<Category>Contact Lenses</Category>
<Subcategory>Colored</Subcategory>
<Description>Freshlook colorblends (6pk)</Description>
<Retail_Price>39.50</Retail_Price>
</Product>

<Product ID="59">
<Category>Contact Lenses</Category>
<Subcategory>Colored</Subcategory>
<Description>Freshlook colors (6pk)</Description>
<Retail_Price>39.00</Retail_Price>
</Product>

<Product ID="60">
<Category>Contact Lenses</Category>
<Subcategory>Colored</Subcategory>
<Description>Freshlook Dimensions (6pk)</Description>
<Retail_Price>39.50</Retail_Price>
</Product>

<Product ID="61">
<Category>Contact Lenses</Category>
<Subcategory>Colored</Subcategory>
<Description>FreshLook Handling Tint (Clear)</Description>
<Retail_Price>22.00</Retail_Price>
</Product>

<Product ID="62">
<Category>Contact Lenses</Category>
<Subcategory>Colored</Subcategory>
<Description>Freshlook Radience (6pk)</Description>
<Retail_Price>39.50</Retail_Price>
</Product>

<Product ID="63">
<Category>Contact Lenses</Category>
<Subcategory>Colored</Subcategory>
<Description>Illusions</Description>
<Retail_Price>75.00</Retail_Price>
</Product>

<Product ID="64">
<Category>Contact Lenses</Category>
<Subcategory>Colored</Subcategory>
<Description>Natural Touch Opaque</Description>
<Retail_Price>75.00</Retail_Price>
</Product>

<Product ID="65">
<Category>Contact Lenses</Category>
<Subcategory>Colored</Subcategory>
<Description>Vantage Accents</Description>
<Retail_Price>85.00</Retail_Price>
</Product>

<Product ID="66">
<Category>Contact Lenses</Category>
<Subcategory>Toric</Subcategory>
<Description>Acuvue Advance Toric (6pk)</Description>
<Retail_Price>50.00</Retail_Price>
</Product>

<Product ID="67">
<Category>Contact Lenses</Category>
<Subcategory>Toric</Subcategory>
<Description>Acuvue Toric (12pk)</Description>
<Retail_Price>90.00</Retail_Price>
</Product>

<Product ID="68">
<Category>Contact Lenses</Category>
<Subcategory>Toric</Subcategory>
<Description>Biomedics Toric (6pk)</Description>
<Retail_Price>47.50</Retail_Price>
</Product>

<Product ID="69">
<Category>Contact Lenses</Category>
<Subcategory>Toric</Subcategory>
<Description>Bi-toric RGP</Description>
<Retail_Price>115.00</Retail_Price>
</Product>

<Product ID="70">
<Category>Contact Lenses</Category>
<Subcategory>Toric</Subcategory>
<Description>CSI Toric</Description>
<Retail_Price>109.99</Retail_Price>
</Product>

<Product ID="71">
<Category>Contact Lenses</Category>
<Subcategory>Toric</Subcategory>
<Description>CSI Toric MTO</Description>
<Retail_Price>139.99</Retail_Price>
</Product>

<Product ID="72">
<Category>Contact Lenses</Category>
<Subcategory>Toric</Subcategory>
<Description>CV Encore Toric (6pk)</Description>
<Retail_Price>39.00</Retail_Price>
</Product>

<Product ID="73">
<Category>Contact Lenses</Category>
<Subcategory>Toric</Subcategory>
<Description>Durasoft 2 Optifit Toric</Description>
<Retail_Price>91.99</Retail_Price>
</Product>

<Product ID="74">
<Category>Contact Lenses</Category>
<Subcategory>Toric</Subcategory>
<Description>Durasoft 2 or 3 Custom MTO</Description>
<Retail_Price>159.99</Retail_Price>
</Product>

<Product ID="75">
<Category>Contact Lenses</Category>
<Subcategory>Toric</Subcategory>
<Description>Durasoft 3 Optifit Toric</Description>
<Retail_Price>99.99</Retail_Price>
</Product>

<Product ID="76">
<Category>Contact Lenses</Category>
<Subcategory>Toric</Subcategory>
<Description>Eclipse Toric</Description>
<Retail_Price>99.99</Retail_Price>
</Product>

<Product ID="77">
<Category>Contact Lenses</Category>
<Subcategory>Toric</Subcategory>
<Description>Focus Dailies Toric (30pk)</Description>
<Retail_Price>39.00</Retail_Price>
</Product>

<Product ID="78">
<Category>Contact Lenses</Category>
<Subcategory>Toric</Subcategory>
<Description>Focus Toric (6pk)</Description>
<Retail_Price>65.00</Retail_Price>
</Product>

<Product ID="79">
<Category>Contact Lenses</Category>
<Subcategory>Toric</Subcategory>
<Description>Frequency 55 Toric (6pk)</Description>
<Retail_Price>88.00</Retail_Price>
</Product>

<Product ID="80">
<Category>Contact Lenses</Category>
<Subcategory>Toric</Subcategory>
<Description>Frequency 55 Toric XR (6pk)</Description>
<Retail_Price>119.00</Retail_Price>
</Product>

<Product ID="81">
<Category>Contact Lenses</Category>
<Subcategory>Toric</Subcategory>
<Description>Freshlook Colorblends Toric (6pk)</Description>
<Retail_Price>65.00</Retail_Price>
</Product>

<Product ID="82">
<Category>Contact Lenses</Category>
<Subcategory>Toric</Subcategory>
<Description>Freshlook Lite Tint Toric (6pk)</Description>
<Retail_Price>59.00</Retail_Price>
</Product>

<Product ID="83">
<Category>Contact Lenses</Category>
<Subcategory>Toric</Subcategory>
<Description>Hydrocurve 3 Toric Custom MTO</Description>
<Retail_Price>159.99</Retail_Price>
</Product>

<Product ID="84">
<Category>Contact Lenses</Category>
<Subcategory>Toric</Subcategory>
<Description>Hydrosoft Toric</Description>
<Retail_Price>99.99</Retail_Price>
</Product>

<Product ID="85">
<Category>Contact Lenses</Category>
<Subcategory>Toric</Subcategory>
<Description>Hydrosoft Toric FW</Description>
<Retail_Price>115.99</Retail_Price>
</Product>

<Product ID="86">
<Category>Contact Lenses</Category>
<Subcategory>Toric</Subcategory>
<Description>Hydrosoft Toric Options (4pk)</Description>
<Retail_Price>169.00</Retail_Price>
</Product>

<Product ID="87">
<Category>Contact Lenses</Category>
<Subcategory>Toric</Subcategory>
<Description>Metrosoft Toric (multifocal and toric)</Description>
<Retail_Price>289.00</Retail_Price>
</Product>

<Product ID="88">
<Category>Contact Lenses</Category>
<Subcategory>Toric</Subcategory>
<Description>Metrosoft Toric Division 1</Description>
<Retail_Price>119.99</Retail_Price>
</Product>

<Product ID="89">
<Category>Contact Lenses</Category>
<Subcategory>Toric</Subcategory>
<Description>Metrosoft Toric Division 2</Description>
<Retail_Price>139.99</Retail_Price>
</Product>

<Product ID="90">
<Category>Contact Lenses</Category>
<Subcategory>Toric</Subcategory>
<Description>Multiples Toric (4pk) Division 1</Description>
<Retail_Price>135.00</Retail_Price>
</Product>

<Product ID="91">
<Category>Contact Lenses</Category>
<Subcategory>Toric</Subcategory>
<Description>Multiples Toric (4pk) Division 2</Description>
<Retail_Price>175.00</Retail_Price>
</Product>

<Product ID="92">
<Category>Contact Lenses</Category>
<Subcategory>Toric</Subcategory>
<Description>Optima Toric</Description>
<Retail_Price>104.99</Retail_Price>
</Product>

<Product ID="93">
<Category>Contact Lenses</Category>
<Subcategory>Toric</Subcategory>
<Description>Optima Toric (2pk)</Description>
<Retail_Price>133.99</Retail_Price>
</Product>

<Product ID="94">
<Category>Contact Lenses</Category>
<Subcategory>Toric</Subcategory>
<Description>Preference Toric (6pk)</Description>
<Retail_Price>109.00</Retail_Price>
</Product>

<Product ID="95">
<Category>Contact Lenses</Category>
<Subcategory>Toric</Subcategory>
<Description>Preference Toric XR (6pk) cyl over 275</Description>
<Retail_Price>149.00</Retail_Price>
</Product>

<Product ID="96">
<Category>Contact Lenses</Category>
<Subcategory>Toric</Subcategory>
<Description>Proclear Compatibles Toric (6pk)</Description>
<Retail_Price>78.50</Retail_Price>
</Product>

<Product ID="97">
<Category>Contact Lenses</Category>
<Subcategory>Toric</Subcategory>
<Description>Purevision Toric</Description>
<Retail_Price>68.50</Retail_Price>
</Product>

<Product ID="98">
<Category>Contact Lenses</Category>
<Subcategory>Toric</Subcategory>
<Description>soft lens 66 toric (6pk)</Description>
<Retail_Price>39.00</Retail_Price>
</Product>

<Product ID="99">
<Category>Contact Lenses</Category>
<Subcategory>Toric</Subcategory>
<Description>softlens 66 toric</Description>
<Retail_Price>39.00</Retail_Price>
</Product>

<Product ID="100">
<Category>Contact Lenses</Category>
<Subcategory>Toric</Subcategory>
<Description>SOFTLENS 66 TORIC (6PK)</Description>
<Retail_Price>39.00</Retail_Price>
</Product>

<Product ID="101">
<Category>Contact Lenses</Category>
<Subcategory>Toric</Subcategory>
<Description>Sunsoft Division 1 Toric</Description>
<Retail_Price>119.99</Retail_Price>
</Product>

<Product ID="102">
<Category>Contact Lenses</Category>
<Subcategory>Toric</Subcategory>
<Description>Sunsoft Division 2 Toric</Description>
<Retail_Price>139.99</Retail_Price>
</Product>

<Product ID="103">
<Category>Contact Lenses</Category>
<Subcategory>Toric</Subcategory>
<Description>Toric Contact Lens (Test Data)</Description>
<Retail_Price>1.00</Retail_Price>
</Product>

<Product ID="104">
<Category>Contact Lenses</Category>
<Subcategory>Daily Wear</Subcategory>
<Description>Ciba Standard Visitint</Description>
<Retail_Price>39.00</Retail_Price>
</Product>

<Product ID="105">
<Category>Contact Lenses</Category>
<Subcategory>Daily Wear</Subcategory>
<Description>Cibasoft Visitint</Description>
<Retail_Price>35.00</Retail_Price>
</Product>

<Product ID="106">
<Category>Contact Lenses</Category>
<Subcategory>Daily Wear</Subcategory>
<Description>Cibasoft Visitint MTO</Description>
<Retail_Price>99.99</Retail_Price>
</Product>

<Product ID="107">
<Category>Contact Lenses</Category>
<Subcategory>Daily Wear</Subcategory>
<Description>Custom MTO Ciba Daily Wear</Description>
<Retail_Price>99.99</Retail_Price>
</Product>

<Product ID="108">
<Category>Contact Lenses</Category>
<Subcategory>Daily Wear</Subcategory>
<Description>Daily Wear Contact Lens (Test Data)</Description>
<Retail_Price>1.00</Retail_Price>
</Product>

<Product ID="109">
<Category>Contact Lenses</Category>
<Subcategory>Daily Wear</Subcategory>
<Description>Durasoft 2 Lite Tint</Description>
<Retail_Price>35.00</Retail_Price>
</Product>

<Product ID="110">
<Category>Contact Lenses</Category>
<Subcategory>Daily Wear</Subcategory>
<Description>Durasoft 3 Extra</Description>
<Retail_Price>75.00</Retail_Price>
</Product>

<Product ID="111">
<Category>Contact Lenses</Category>
<Subcategory>Daily Wear</Subcategory>
<Description>Durasoft 3 Lite Tint</Description>
<Retail_Price>45.00</Retail_Price>
</Product>

<Product ID="112">
<Category>Contact Lenses</Category>
<Subcategory>Daily Wear</Subcategory>
<Description>Durasoft Extra</Description>
<Retail_Price>51.00</Retail_Price>
</Product>

<Product ID="113">
<Category>Contact Lenses</Category>
<Subcategory>Daily Wear</Subcategory>
<Description>Hydrocurve 2</Description>
<Retail_Price>99.00</Retail_Price>
</Product>

<Product ID="114">
<Category>Contact Lenses</Category>
<Subcategory>Daily Wear</Subcategory>
<Description>Hydrosoft DW</Description>
<Retail_Price>68.00</Retail_Price>
</Product>

<Product ID="115">
<Category>Contact Lenses</Category>
<Subcategory>Daily Wear</Subcategory>
<Description>LL38</Description>
<Retail_Price>44.00</Retail_Price>
</Product>

<Product ID="116">
<Category>Contact Lenses</Category>
<Subcategory>Daily Wear</Subcategory>
<Description>LL55</Description>
<Retail_Price>44.00</Retail_Price>
</Product>

<Product ID="117">
<Category>Contact Lenses</Category>
<Subcategory>Daily Wear</Subcategory>
<Description>Metrosoft SPH</Description>
<Retail_Price>99.00</Retail_Price>
</Product>

<Product ID="118">
<Category>Contact Lenses</Category>
<Subcategory>Daily Wear</Subcategory>
<Description>Silver 07</Description>
<Retail_Price>35.00</Retail_Price>
</Product>

<Product ID="119">
<Category>Contact Lenses</Category>
<Subcategory>Daily Wear</Subcategory>
<Description>Softcon EW</Description>
<Retail_Price>48.00</Retail_Price>
</Product>

<Product ID="120">
<Category>Contact Lenses</Category>
<Subcategory>Daily Wear</Subcategory>
<Description>Softmate 2</Description>
<Retail_Price>65.00</Retail_Price>
</Product>

<Product ID="121">
<Category>Contact Lenses</Category>
<Subcategory>Daily Wear</Subcategory>
<Description>Softmate B</Description>
<Retail_Price>38.00</Retail_Price>
</Product>

<Product ID="122">
<Category>Contact Lenses</Category>
<Subcategory>Daily Wear</Subcategory>
<Description>Vantage</Description>
<Retail_Price>58.00</Retail_Price>
</Product>

<Product ID="123">
<Category>Contact Lenses</Category>
<Subcategory>Daily Wear</Subcategory>
<Description>Zero 4 Mini Lens</Description>
<Retail_Price>64.00</Retail_Price>
</Product>

<Product ID="124">
<Category>Contact Lenses</Category>
<Subcategory>Daily Wear</Subcategory>
<Description>Zero 4 Spincast</Description>
<Retail_Price>39.00</Retail_Price>
</Product>

<Product ID="125">
<Category>Contact Lenses</Category>
<Subcategory>Daily Wear</Subcategory>
<Description>Zero 6</Description>
<Retail_Price>39.00</Retail_Price>
</Product>

<Product ID="126">
<Category>Contact Lenses</Category>
<Subcategory>Extended Wear</Subcategory>
<Description>BAUSCH &amp; LOMB - H03</Description>
<Retail_Price>62.39</Retail_Price>
</Product>

<Product ID="127">
<Category>Contact Lenses</Category>
<Subcategory>Extended Wear</Subcategory>
<Description>BAUSCH &amp; LOMB - H04</Description>
<Retail_Price>62.39</Retail_Price>
</Product>

<Product ID="128">
<Category>Contact Lenses</Category>
<Subcategory>Extended Wear</Subcategory>
<Description>BAUSCH &amp; LOMB - LL55</Description>
<Retail_Price>52.79</Retail_Price>
</Product>

<Product ID="129">
<Category>Contact Lenses</Category>
<Subcategory>Extended Wear</Subcategory>
<Description>BAUSCH &amp; LOMB - Piano T</Description>
<Retail_Price>62.39</Retail_Price>
</Product>

<Product ID="130">
<Category>Contact Lenses</Category>
<Subcategory>Extended Wear</Subcategory>
<Description>BAUSCH &amp; LOMB - Softlens 03</Description>
<Retail_Price>43.19</Retail_Price>
</Product>

<Product ID="131">
<Category>Contact Lenses</Category>
<Subcategory>Extended Wear</Subcategory>
<Description>BAUSCH &amp; LOMB - Softlens 04</Description>
<Retail_Price>43.19</Retail_Price>
</Product>

<Product ID="132">
<Category>Contact Lenses</Category>
<Subcategory>Extended Wear</Subcategory>
<Description>CIBA VISION - Softcon EW</Description>
<Retail_Price>46.08</Retail_Price>
</Product>

<Product ID="133">
<Category>Contact Lenses</Category>
<Subcategory>Extended Wear</Subcategory>
<Description>COOPER VISION - Hydrasoft Aphakic</Description>
<Retail_Price>163.19</Retail_Price>
</Product>

<Product ID="134">
<Category>Contact Lenses</Category>
<Subcategory>Extended Wear</Subcategory>
<Description>COOPER VISION - Hydrasoft FW</Description>
<Retail_Price>91.19</Retail_Price>
</Product>

<Product ID="135">
<Category>Contact Lenses</Category>
<Subcategory>Extended Wear</Subcategory>
<Description>CooperClear FW</Description>
<Retail_Price>59.00</Retail_Price>
</Product>

<Product ID="136">
<Category>Contact Lenses</Category>
<Subcategory>Extended Wear</Subcategory>
<Description>Crazy Eyes PL or same Rx both eyes</Description>
<Retail_Price>119.00</Retail_Price>
</Product>

<Product ID="137">
<Category>Contact Lenses</Category>
<Subcategory>Extended Wear</Subcategory>
<Description>Crazy Eyes Rx</Description>
<Retail_Price>179.00</Retail_Price>
</Product>

<Product ID="138">
<Category>Contact Lenses</Category>
<Subcategory>Extended Wear</Subcategory>
<Description>CV 43 FW</Description>
<Retail_Price>45.00</Retail_Price>
</Product>

<Product ID="139">
<Category>Contact Lenses</Category>
<Subcategory>Extended Wear</Subcategory>
<Description>Durasoft 3 Extra</Description>
<Retail_Price>75.00</Retail_Price>
</Product>

<Product ID="140">
<Category>Contact Lenses</Category>
<Subcategory>Extended Wear</Subcategory>
<Description>Durasoft 3 Lite Tint</Description>
<Retail_Price>45.00</Retail_Price>
</Product>

<Product ID="141">
<Category>Contact Lenses</Category>
<Subcategory>Extended Wear</Subcategory>
<Description>Edge 3 55</Description>
<Retail_Price>65.00</Retail_Price>
</Product>

<Product ID="142">
<Category>Contact Lenses</Category>
<Subcategory>Extended Wear</Subcategory>
<Description>Hydrocurve 2</Description>
<Retail_Price>99.00</Retail_Price>
</Product>

<Product ID="143">
<Category>Contact Lenses</Category>
<Subcategory>Extended Wear</Subcategory>
<Description>Hydrosoft Custom MTO</Description>
<Retail_Price>145.00</Retail_Price>
</Product>

<Product ID="144">
<Category>Contact Lenses</Category>
<Subcategory>Extended Wear</Subcategory>
<Description>Hydrosoft Sph</Description>
<Retail_Price>75.00</Retail_Price>
</Product>

<Product ID="145">
<Category>Contact Lenses</Category>
<Subcategory>Extended Wear</Subcategory>
<Description>Metrofocal (soft bifocal)</Description>
<Retail_Price>119.20</Retail_Price>
</Product>

<Product ID="146">
<Category>Contact Lenses</Category>
<Subcategory>Extended Wear</Subcategory>
<Description>Permalens</Description>
<Retail_Price>117.00</Retail_Price>
</Product>

<Product ID="147">
<Category>Contact Lenses</Category>
<Subcategory>Extended Wear</Subcategory>
<Description>Revolution</Description>
<Retail_Price>39.00</Retail_Price>
</Product>

<Product ID="148">
<Category>Contact Lenses</Category>
<Subcategory>Extended Wear</Subcategory>
<Description>Softcon EW</Description>
<Retail_Price>48.00</Retail_Price>
</Product>

<Product ID="149">
<Category>Contact Lenses</Category>
<Subcategory>Extended Wear</Subcategory>
<Description>Softmate 2</Description>
<Retail_Price>65.00</Retail_Price>
</Product>

<Product ID="150">
<Category>Contact Lenses</Category>
<Subcategory>Extended Wear</Subcategory>
<Description>Sunflex</Description>
<Retail_Price>49.00</Retail_Price>
</Product>

<Product ID="151">
<Category>Contact Lenses</Category>
<Subcategory>Extended Wear</Subcategory>
<Description>Vantage Thin</Description>
<Retail_Price>59.00</Retail_Price>
</Product>

<Product ID="152">
<Category>Contact Lenses</Category>
<Subcategory>Extended Wear</Subcategory>
<Description>WESLEY-JESSEN - CSIT</Description>
<Retail_Price>94.08</Retail_Price>
</Product>

<Product ID="153">
<Category>Contact Lenses</Category>
<Subcategory>Extended Wear</Subcategory>
<Description>WESLEY-JESSEN - Durasoft 3 Extra</Description>
<Retail_Price>71.99</Retail_Price>
</Product>

<Product ID="154">
<Category>Contact Lenses</Category>
<Subcategory>Extended Wear</Subcategory>
<Description>WESLEY-JESSEN - Durasoft3</Description>
<Retail_Price>46.08</Retail_Price>
</Product>

<Product ID="155">
<Category>Contact Lenses</Category>
<Subcategory>Extended Wear</Subcategory>
<Description>WESLEY-JESSEN - Hydrocurve II EW</Description>
<Retail_Price>103.68</Retail_Price>
</Product>

<Product ID="156">
<Category>Contact Lenses</Category>
<Subcategory>Extended Wear</Subcategory>
<Description>WESLEY-JESSEN - Softmate II</Description>
<Retail_Price>219.60</Retail_Price>
</Product>

<Product ID="157">
<Category>Contact Lenses</Category>
<Subcategory>Extended Wear</Subcategory>
<Description>Wild Eyes</Description>
<Retail_Price>109.00</Retail_Price>
</Product>

<Product ID="158">
<Category>Contact Lenses</Category>
<Subcategory>Bifocal</Subcategory>
<Description>Acuvue Bifocal (6pk)</Description>
<Retail_Price>53.00</Retail_Price>
</Product>

<Product ID="159">
<Category>Contact Lenses</Category>
<Subcategory>Bifocal</Subcategory>
<Description>Bifocal Contact Lens (Test Data)</Description>
<Retail_Price>1.00</Retail_Price>
</Product>

<Product ID="160">
<Category>Contact Lenses</Category>
<Subcategory>Bifocal</Subcategory>
<Description>Bifocal RGP</Description>
<Retail_Price>159.00</Retail_Price>
</Product>

<Product ID="162">
<Category>Contact Lenses</Category>
<Subcategory>Bifocal</Subcategory>
<Description>Cooper Multifocal (6pk)</Description>
<Retail_Price>68.50</Retail_Price>
</Product>

<Product ID="163">
<Category>Contact Lenses</Category>
<Subcategory>Bifocal</Subcategory>
<Description>Focus Progressive (6pk)</Description>
<Retail_Price>62.50</Retail_Price>
</Product>

<Product ID="164">
<Category>Contact Lenses</Category>
<Subcategory>Bifocal</Subcategory>
<Description>Focus Progressive Dailies (30pk)</Description>
<Retail_Price>66.00</Retail_Price>
</Product>

<Product ID="165">
<Category>Contact Lenses</Category>
<Subcategory>Bifocal</Subcategory>
<Description>Focus Progressive Dailies (90pk)</Description>
<Retail_Price>99.00</Retail_Price>
</Product>

<Product ID="166">
<Category>Contact Lenses</Category>
<Subcategory>Bifocal</Subcategory>
<Description>Metrofocal (soft bifocal)</Description>
<Retail_Price>119.20</Retail_Price>
</Product>

<Product ID="167">
<Category>Contact Lenses</Category>
<Subcategory>Bifocal</Subcategory>
<Description>PUREVISION MULTIFOCAL</Description>
<Retail_Price>78.00</Retail_Price>
</Product>

<Product ID="168">
<Category>Contact Lenses</Category>
<Subcategory>Bifocal</Subcategory>
<Description>Softlens 66 Bifocal (6pk)</Description>
<Retail_Price>49.00</Retail_Price>
</Product>

<Product ID="169">
<Category>Contact Lenses</Category>
<Subcategory>Bifocal</Subcategory>
<Description>Sunsoft Additions (4pk)</Description>
<Retail_Price>145.50</Retail_Price>
</Product>

<Product ID="170">
<Category>Contact Lenses</Category>
<Subcategory>RGP</Subcategory>
<Description>Boston 4</Description>
<Retail_Price>59.99</Retail_Price>
</Product>

<Product ID="171">
<Category>Contact Lenses</Category>
<Subcategory>RGP</Subcategory>
<Description>Boston EO</Description>
<Retail_Price>79.99</Retail_Price>
</Product>

<Product ID="172">
<Category>Contact Lenses</Category>
<Subcategory>RGP</Subcategory>
<Description>Boston ES</Description>
<Retail_Price>69.99</Retail_Price>
</Product>

<Product ID="173">
<Category>Contact Lenses</Category>
<Subcategory>RGP</Subcategory>
<Description>Boston XO</Description>
<Retail_Price>89.99</Retail_Price>
</Product>

<Product ID="174">
<Category>Contact Lenses</Category>
<Subcategory>RGP</Subcategory>
<Description>Fluoroperm 30 60 90</Description>
<Retail_Price>59.99</Retail_Price>
</Product>

<Product ID="175">
<Category>Contact Lenses</Category>
<Subcategory>RGP</Subcategory>
<Description>Optacryl 60</Description>
<Retail_Price>59.99</Retail_Price>
</Product>

<Product ID="176">
<Category>Contact Lenses</Category>
<Subcategory>RGP</Subcategory>
<Description>Paraperm 02</Description>
<Retail_Price>59.99</Retail_Price>
</Product>

<Product ID="177">
<Category>Contact Lenses</Category>
<Subcategory>RGP</Subcategory>
<Description>RPG Contact Lens (Test Data)</Description>
<Retail_Price>1.00</Retail_Price>
</Product>

<Product ID="178">
<Category>Eyeglass Frames</Category>
<Subcategory>N/A
</Subcategory>
<Description>89 Three Piece Drill Mounts</Description>
<Retail_Price>79.20</Retail_Price>
</Product>

<Product ID="179">
<Category>Eyeglass Frames</Category>
<Subcategory>N/A
</Subcategory>
<Description>Bebe</Description>
<Retail_Price>169.00</Retail_Price>
</Product>

<Product ID="180">
<Category>Eyeglass Frames</Category>
<Subcategory>N/A
</Subcategory>
<Description>Boss</Description>
<Retail_Price>209.00</Retail_Price>
</Product>

<Product ID="181">
<Category>Eyeglass Frames</Category>
<Subcategory>N/A
</Subcategory>
<Description>Brookes Brothers</Description>
<Retail_Price>154.80</Retail_Price>
</Product>

<Product ID="182">
<Category>Eyeglass Frames</Category>
<Subcategory>N/A
</Subcategory>
<Description>Burberry Titanium</Description>
<Retail_Price>231.20</Retail_Price>
</Product>

<Product ID="183">
<Category>Eyeglass Frames</Category>
<Subcategory>N/A
</Subcategory>
<Description>Calvin Klein drill mnt</Description>
<Retail_Price>295.20</Retail_Price>
</Product>

<Product ID="184">
<Category>Eyeglass Frames</Category>
<Subcategory>N/A
</Subcategory>
<Description>Calvin Klein Metals</Description>
<Retail_Price>199.20</Retail_Price>
</Product>

<Product ID="185">
<Category>Eyeglass Frames</Category>
<Subcategory>N/A
</Subcategory>
<Description>Calvin Klein Plastics</Description>
<Retail_Price>167.20</Retail_Price>
</Product>

<Product ID="186">
<Category>Eyeglass Frames</Category>
<Subcategory>N/A
</Subcategory>
<Description>Candies</Description>
<Retail_Price>133.20</Retail_Price>
</Product>

<Product ID="187">
<Category>Eyeglass Frames</Category>
<Subcategory>N/A
</Subcategory>
<Description>Cazal</Description>
<Retail_Price>414.00</Retail_Price>
</Product>

<Product ID="188">
<Category>Eyeglass Frames</Category>
<Subcategory>N/A
</Subcategory>
<Description>Chaps</Description>
<Retail_Price>189.00</Retail_Price>
</Product>

<Product ID="189">
<Category>Eyeglass Frames</Category>
<Subcategory>N/A
</Subcategory>
<Description>Christian Dior</Description>
<Retail_Price>270.00</Retail_Price>
</Product>

<Product ID="190">
<Category>Eyeglass Frames</Category>
<Subcategory>N/A
</Subcategory>
<Description>CK metal</Description>
<Retail_Price>159.20</Retail_Price>
</Product>

<Product ID="191">
<Category>Eyeglass Frames</Category>
<Subcategory>N/A
</Subcategory>
<Description>CK Plastics</Description>
<Retail_Price>135.20</Retail_Price>
</Product>

<Product ID="192">
<Category>Eyeglass Frames</Category>
<Subcategory>N/A
</Subcategory>
<Description>Claude Montana</Description>
<Retail_Price>124.50</Retail_Price>
</Product>

<Product ID="193">
<Category>Eyeglass Frames</Category>
<Subcategory>N/A
</Subcategory>
<Description>Coach</Description>
<Retail_Price>100.00</Retail_Price>
</Product>

<Product ID="194">
<Category>Eyeglass Frames</Category>
<Subcategory>N/A
</Subcategory>
<Description>Covergirl metal</Description>
<Retail_Price>127.20</Retail_Price>
</Product>

<Product ID="195">
<Category>Eyeglass Frames</Category>
<Subcategory>N/A
</Subcategory>
<Description>Covergirl plastic</Description>
<Retail_Price>103.20</Retail_Price>
</Product>

<Product ID="196">
<Category>Eyeglass Frames</Category>
<Subcategory>N/A
</Subcategory>
<Description>Dkny Metals</Description>
<Retail_Price>199.20</Retail_Price>
</Product>

<Product ID="197">
<Category>Eyeglass Frames</Category>
<Subcategory>N/A
</Subcategory>
<Description>Ellen Tracey</Description>
<Retail_Price>219.60</Retail_Price>
</Product>

<Product ID="198">
<Category>Eyeglass Frames</Category>
<Subcategory>N/A
</Subcategory>
<Description>Emporio Armani Metal</Description>
<Retail_Price>159.20</Retail_Price>
</Product>

<Product ID="199">
<Category>Eyeglass Frames</Category>
<Subcategory>N/A
</Subcategory>
<Description>Emporio Armani plastic</Description>
<Retail_Price>159.20</Retail_Price>
</Product>

<Product ID="200">
<Category>Eyeglass Frames</Category>
<Subcategory>N/A
</Subcategory>
<Description>Emporio Armani Plastics</Description>
<Retail_Price>159.20</Retail_Price>
</Product>

<Product ID="201">
<Category>Eyeglass Frames</Category>
<Subcategory>N/A
</Subcategory>
<Description>Eurosteel (Takada Jordan)</Description>
<Retail_Price>103.20</Retail_Price>
</Product>

<Product ID="202">
<Category>Eyeglass Frames</Category>
<Subcategory>N/A
</Subcategory>
<Description>Excess</Description>
<Retail_Price>142.80</Retail_Price>
</Product>

<Product ID="203">
<Category>Eyeglass Frames</Category>
<Subcategory>N/A
</Subcategory>
<Description>Fendi</Description>
<Retail_Price>270.00</Retail_Price>
</Product>

<Product ID="204">
<Category>Eyeglass Frames</Category>
<Subcategory>N/A
</Subcategory>
<Description>Fossil</Description>
<Retail_Price>142.80</Retail_Price>
</Product>

<Product ID="205">
<Category>Eyeglass Frames</Category>
<Subcategory>N/A
</Subcategory>
<Description>Frame drill mnt</Description>
<Retail_Price>135.20</Retail_Price>
</Product>

<Product ID="206">
<Category>Eyeglass Frames</Category>
<Subcategory>N/A
</Subcategory>
<Description>Frame Metal</Description>
<Retail_Price>103.20</Retail_Price>
</Product>

<Product ID="207">
<Category>Eyeglass Frames</Category>
<Subcategory>N/A
</Subcategory>
<Description>Frame Plastic</Description>
<Retail_Price>79.20</Retail_Price>
</Product>

<Product ID="208">
<Category>Eyeglass Frames</Category>
<Subcategory>N/A
</Subcategory>
<Description>Frame to Follow (Lens Service Only)</Description>
<Retail_Price>10.00</Retail_Price>
</Product>

<Product ID="209">
<Category>Eyeglass Frames</Category>
<Subcategory>N/A
</Subcategory>
<Description>Gant drill mnt</Description>
<Retail_Price>199.20</Retail_Price>
</Product>

<Product ID="210">
<Category>Eyeglass Frames</Category>
<Subcategory>N/A
</Subcategory>
<Description>Gant Metals</Description>
<Retail_Price>151.20</Retail_Price>
</Product>

<Product ID="211">
<Category>Eyeglass Frames</Category>
<Subcategory>N/A
</Subcategory>
<Description>Giorgio Armani Metals</Description>
<Retail_Price>199.20</Retail_Price>
</Product>

<Product ID="212">
<Category>Eyeglass Frames</Category>
<Subcategory>N/A
</Subcategory>
<Description>Giorgio Armani Plastics</Description>
<Retail_Price>167.20</Retail_Price>
</Product>

<Product ID="213">
<Category>Eyeglass Frames</Category>
<Subcategory>N/A
</Subcategory>
<Description>Giorgio Armani Three Piece Drill Mounts</Description>
<Retail_Price>279.20</Retail_Price>
</Product>

<Product ID="214">
<Category>Eyeglass Frames</Category>
<Subcategory>N/A
</Subcategory>
<Description>Giovanni Feroce Metals (99 Complete Special)</Description>
<Retail_Price>0</Retail_Price>
</Product>

<Product ID="215">
<Category>Eyeglass Frames</Category>
<Subcategory>N/A
</Subcategory>
<Description>Giovanni Feroce Plastics (99 Complete Special)</Description>
<Retail_Price>0</Retail_Price>
</Product>

<Product ID="216">
<Category>Eyeglass Frames</Category>
<Subcategory>N/A
</Subcategory>
<Description>Giovanni Feroce with matching sunglass clips</Description>
<Retail_Price>181.20</Retail_Price>
</Product>

<Product ID="217">
<Category>Eyeglass Frames</Category>
<Subcategory>N/A
</Subcategory>
<Description>Gucci Metal</Description>
<Retail_Price>199.20</Retail_Price>
</Product>

<Product ID="218">
<Category>Eyeglass Frames</Category>
<Subcategory>N/A
</Subcategory>
<Description>Gucci Plastic</Description>
<Retail_Price>167.20</Retail_Price>
</Product>

<Product ID="219">
<Category>Eyeglass Frames</Category>
<Subcategory>N/A
</Subcategory>
<Description>Guess Metal</Description>
<Retail_Price>135.20</Retail_Price>
</Product>

<Product ID="220">
<Category>Eyeglass Frames</Category>
<Subcategory>N/A
</Subcategory>
<Description>Guess Plastic</Description>
<Retail_Price>79.20</Retail_Price>
</Product>

<Product ID="221">
<Category>Eyeglass Frames</Category>
<Subcategory>N/A
</Subcategory>
<Description>Harley Davidson</Description>
<Retail_Price>190.80</Retail_Price>
</Product>

<Product ID="222">
<Category>Eyeglass Frames</Category>
<Subcategory>N/A
</Subcategory>
<Description>Jay Kudo</Description>
<Retail_Price>120.00</Retail_Price>
</Product>

<Product ID="223">
<Category>Eyeglass Frames</Category>
<Subcategory>N/A
</Subcategory>
<Description>Jordan eyewear</Description>
<Retail_Price>189.00</Retail_Price>
</Product>

<Product ID="224">
<Category>Eyeglass Frames</Category>
<Subcategory>N/A
</Subcategory>
<Description>Kenmark</Description>
<Retail_Price>119.00</Retail_Price>
</Product>

<Product ID="225">
<Category>Eyeglass Frames</Category>
<Subcategory>N/A
</Subcategory>
<Description>Kenneth Cole</Description>
<Retail_Price>169.00</Retail_Price>
</Product>

<Product ID="226">
<Category>Eyeglass Frames</Category>
<Subcategory>N/A
</Subcategory>
<Description>London Fog</Description>
<Retail_Price>142.80</Retail_Price>
</Product>

<Product ID="227">
<Category>Eyeglass Frames</Category>
<Subcategory>N/A
</Subcategory>
<Description>Massimo metal</Description>
<Retail_Price>151.20</Retail_Price>
</Product>

<Product ID="228">
<Category>Eyeglass Frames</Category>
<Subcategory>N/A
</Subcategory>
<Description>Massimo Plastic</Description>
<Retail_Price>127.20</Retail_Price>
</Product>

<Product ID="229">
<Category>Eyeglass Frames</Category>
<Subcategory>N/A
</Subcategory>
<Description>Nikon</Description>
<Retail_Price>135.20</Retail_Price>
</Product>

<Product ID="230">
<Category>Eyeglass Frames</Category>
<Subcategory>N/A
</Subcategory>
<Description>Nine West Metal</Description>
<Retail_Price>135.20</Retail_Price>
</Product>

<Product ID="231">
<Category>Eyeglass Frames</Category>
<Subcategory>N/A
</Subcategory>
<Description>Nine West Plastics</Description>
<Retail_Price>119.20</Retail_Price>
</Product>

<Product ID="232">
<Category>Eyeglass Frames</Category>
<Subcategory>N/A
</Subcategory>
<Description>Oakley</Description>
<Retail_Price>190.00</Retail_Price>
</Product>

<Product ID="233">
<Category>Eyeglass Frames</Category>
<Subcategory>N/A
</Subcategory>
<Description>Ono metal</Description>
<Retail_Price>129.00</Retail_Price>
</Product>

<Product ID="234">
<Category>Eyeglass Frames</Category>
<Subcategory>N/A
</Subcategory>
<Description>Police</Description>
<Retail_Price>103.20</Retail_Price>
</Product>

<Product ID="235">
<Category>Eyeglass Frames</Category>
<Subcategory>N/A
</Subcategory>
<Description>Prada</Description>
<Retail_Price>219.00</Retail_Price>
</Product>

<Product ID="236">
<Category>Eyeglass Frames</Category>
<Subcategory>N/A
</Subcategory>
<Description>Ralph Lauren Drill Mounts</Description>
<Retail_Price>239.20</Retail_Price>
</Product>

<Product ID="237">
<Category>Eyeglass Frames</Category>
<Subcategory>N/A
</Subcategory>
<Description>Ralph Lauren Metals</Description>
<Retail_Price>191.20</Retail_Price>
</Product>

<Product ID="238">
<Category>Eyeglass Frames</Category>
<Subcategory>N/A
</Subcategory>
<Description>Ralph Lauren Plastics</Description>
<Retail_Price>151.20</Retail_Price>
</Product>

<Product ID="239">
<Category>Eyeglass Frames</Category>
<Subcategory>N/A
</Subcategory>
<Description>Ralph Lauren titanium</Description>
<Retail_Price>215.20</Retail_Price>
</Product>

<Product ID="240">
<Category>Eyeglass Frames</Category>
<Subcategory>N/A
</Subcategory>
<Description>Ray Ban</Description>
<Retail_Price>159.20</Retail_Price>
</Product>

<Product ID="241">
<Category>Eyeglass Frames</Category>
<Subcategory>N/A
</Subcategory>
<Description>Revolution IMF drill mnt with mag clip</Description>
<Retail_Price>199.20</Retail_Price>
</Product>

<Product ID="242">
<Category>Eyeglass Frames</Category>
<Subcategory>N/A
</Subcategory>
<Description>Revolution IMF metal with mag clip</Description>
<Retail_Price>219.60</Retail_Price>
</Product>

<Product ID="243">
<Category>Eyeglass Frames</Category>
<Subcategory>N/A
</Subcategory>
<Description>Revolution IMF plastic with mag clip</Description>
<Retail_Price>135.20</Retail_Price>
</Product>

<Product ID="244">
<Category>Eyeglass Frames</Category>
<Subcategory>N/A
</Subcategory>
<Description>Revolution IMF Titanium with mag clip</Description>
<Retail_Price>191.20</Retail_Price>
</Product>

<Product ID="245">
<Category>Eyeglass Frames</Category>
<Subcategory>N/A
</Subcategory>
<Description>Safilo</Description>
<Retail_Price>151.20</Retail_Price>
</Product>

<Product ID="246">
<Category>Eyeglass Frames</Category>
<Subcategory>N/A
</Subcategory>
<Description>Thalia Metal</Description>
<Retail_Price>119.20</Retail_Price>
</Product>

<Product ID="247">
<Category>Eyeglass Frames</Category>
<Subcategory>N/A
</Subcategory>
<Description>Thalia plastic</Description>
<Retail_Price>95.20</Retail_Price>
</Product>

<Product ID="248">
<Category>Eyeglass Frames</Category>
<Subcategory>N/A
</Subcategory>
<Description>Timberland</Description>
<Retail_Price>181.20</Retail_Price>
</Product>

<Product ID="249">
<Category>Eyeglass Frames</Category>
<Subcategory>N/A
</Subcategory>
<Description>Tmx</Description>
<Retail_Price>100.00</Retail_Price>
</Product>

<Product ID="250">
<Category>Eyeglass Frames</Category>
<Subcategory>N/A
</Subcategory>
<Description>Tommy Hilfiger</Description>
<Retail_Price>169.00</Retail_Price>
</Product>

<Product ID="251">
<Category>Eyeglass Frames</Category>
<Subcategory>N/A
</Subcategory>
<Description>Valentino metal</Description>
<Retail_Price>249.00</Retail_Price>
</Product>

<Product ID="252">
<Category>Eyeglass Frames</Category>
<Subcategory>N/A
</Subcategory>
<Description>Velox</Description>
<Retail_Price>151.20</Retail_Price>
</Product>

<Product ID="253">
<Category>Eyeglass Frames</Category>
<Subcategory>N/A
</Subcategory>
<Description>Vera Wang</Description>
<Retail_Price>100.00</Retail_Price>
</Product>

<Product ID="254">
<Category>Eyeglass Frames</Category>
<Subcategory>N/A
</Subcategory>
<Description>Versace drill mnt</Description>
<Retail_Price>263.20</Retail_Price>
</Product>

<Product ID="255">
<Category>Eyeglass Frames</Category>
<Subcategory>N/A
</Subcategory>
<Description>Versace metal</Description>
<Retail_Price>199.20</Retail_Price>
</Product>

<Product ID="256">
<Category>Eyeglass Frames</Category>
<Subcategory>N/A
</Subcategory>
<Description>Versace plastic</Description>
<Retail_Price>167.20</Retail_Price>
</Product>

<Product ID="257">
<Category>Eyeglass Frames</Category>
<Subcategory>N/A
</Subcategory>
<Description>Versus Metal</Description>
<Retail_Price>159.20</Retail_Price>
</Product>

<Product ID="258">
<Category>Eyeglass Frames</Category>
<Subcategory>N/A
</Subcategory>
<Description>Versus Plastic</Description>
<Retail_Price>127.20</Retail_Price>
</Product>

<Product ID="259">
<Category>Eyeglass Frames</Category>
<Subcategory>N/A
</Subcategory>
<Description>Vivid</Description>
<Retail_Price>100.00</Retail_Price>
</Product>

<Product ID="260">
<Category>Eyeglass Lenses</Category>
<Subcategory>Single Vision</Subcategory>
<Description>oakley lenses</Description>
<Retail_Price>97.50</Retail_Price>
</Product>

<Product ID="261">
<Category>Eyeglass Lenses</Category>
<Subcategory>Single Vision</Subcategory>
<Description>Single Vision Diamond Clear Poly Aspheric</Description>
<Retail_Price>82.00</Retail_Price>
</Product>

<Product ID="262">
<Category>Eyeglass Lenses</Category>
<Subcategory>Single Vision</Subcategory>
<Description>Single Vision Diamond Clear Poly with Anti-Reflection</Description>
<Retail_Price>107.00</Retail_Price>
</Product>

<Product ID="263">
<Category>Eyeglass Lenses</Category>
<Subcategory>Single Vision</Subcategory>
<Description>Single Vision Hi-Index Ultra Thin and Aspheric</Description>
<Retail_Price>92.00</Retail_Price>
</Product>

<Product ID="264">
<Category>Eyeglass Lenses</Category>
<Subcategory>Single Vision</Subcategory>
<Description>Single Vision Hi-Index Ultra Thin Aspheric with Anti-Reflection</Description>
<Retail_Price>112.00</Retail_Price>
</Product>

<Product ID="265">
<Category>Eyeglass Lenses</Category>
<Subcategory>Single Vision</Subcategory>
<Description>Single Vision Plastic No Scratch Coat</Description>
<Retail_Price>32.00</Retail_Price>
</Product>

<Product ID="266">
<Category>Eyeglass Lenses</Category>
<Subcategory>Single Vision</Subcategory>
<Description>Single Vision Plastic Tinted</Description>
<Retail_Price>59.50</Retail_Price>
</Product>

<Product ID="267">
<Category>Eyeglass Lenses</Category>
<Subcategory>Single Vision</Subcategory>
<Description>Single Vision Plastic Transitions with Anti Reflection (Changeable gray or brown)</Description>
<Retail_Price>102.00</Retail_Price>
</Product>

<Product ID="268">
<Category>Eyeglass Lenses</Category>
<Subcategory>Single Vision</Subcategory>
<Description>Single Vision Plastic with Anti-reflection Coating</Description>
<Retail_Price>69.50</Retail_Price>
</Product>

<Product ID="269">
<Category>Eyeglass Lenses</Category>
<Subcategory>Single Vision</Subcategory>
<Description>Single Vision Plastic with Scratch Coat</Description>
<Retail_Price>49.50</Retail_Price>
</Product>

<Product ID="270">
<Category>Eyeglass Lenses</Category>
<Subcategory>Single Vision</Subcategory>
<Description>Single Vision Polycarbonate (UV Scratch Coat)</Description>
<Retail_Price>64.50</Retail_Price>
</Product>

<Product ID="271">
<Category>Eyeglass Lenses</Category>
<Subcategory>Single Vision</Subcategory>
<Description>Single Vision Polycarbonate with Anti-reflection</Description>
<Retail_Price>89.50</Retail_Price>
</Product>

<Product ID="272">
<Category>Eyeglass Lenses</Category>
<Subcategory>Single Vision</Subcategory>
<Description>Single Vision Transitions-sunsensors-splitz (Changeable colors)</Description>
<Retail_Price>77.00</Retail_Price>
</Product>

<Product ID="273">
<Category>Eyeglass Lenses</Category>
<Subcategory>Single Vision</Subcategory>
<Description>Single Vision Trasitions Ultrathin</Description>
<Retail_Price>124.50</Retail_Price>
</Product>

<Product ID="274">
<Category>Eyeglass Lenses</Category>
<Subcategory>Single Vision</Subcategory>
<Description>Single Vision(Hi-Index)Transitions with Anti-reflection coat</Description>
<Retail_Price>144.50</Retail_Price>
</Product>

<Product ID="275">
<Category>Eyeglass Lenses</Category>
<Subcategory>Bifocal</Subcategory>
<Description>Bifocal (hi-index) Transitions with anti-reflection</Description>
<Retail_Price>162.00</Retail_Price>
</Product>

<Product ID="276">
<Category>Eyeglass Lenses</Category>
<Subcategory>Bifocal</Subcategory>
<Description>Bifocal Hi-Index Transitions (UV and Scratch Coat)</Description>
<Retail_Price>142.00</Retail_Price>
</Product>

<Product ID="277">
<Category>Eyeglass Lenses</Category>
<Subcategory>Bifocal</Subcategory>
<Description>Bifocal Hi-Index ultra thin aspheric with Anti-Reflection</Description>
<Retail_Price>124.50</Retail_Price>
</Product>

<Product ID="278">
<Category>Eyeglass Lenses</Category>
<Subcategory>Bifocal</Subcategory>
<Description>Bifocal Hi-Index ultra-thin and aspheric</Description>
<Retail_Price>104.50</Retail_Price>
</Product>

<Product ID="279">
<Category>Eyeglass Lenses</Category>
<Subcategory>Bifocal</Subcategory>
<Description>Bifocal Plastic with Anti-Reflection Coating</Description>
<Retail_Price>79.50</Retail_Price>
</Product>

<Product ID="280">
<Category>Eyeglass Lenses</Category>
<Subcategory>Bifocal</Subcategory>
<Description>Bifocal plastic with scratch coat</Description>
<Retail_Price>54.50</Retail_Price>
</Product>

<Product ID="281">
<Category>Eyeglass Lenses</Category>
<Subcategory>Bifocal</Subcategory>
<Description>Bifocal plastic with scratch coat UV and tint</Description>
<Retail_Price>69.50</Retail_Price>
</Product>

<Product ID="282">
<Category>Eyeglass Lenses</Category>
<Subcategory>Bifocal</Subcategory>
<Description>Bifocal Polycarbonate (UV and scratch coat)</Description>
<Retail_Price>89.50</Retail_Price>
</Product>

<Product ID="283">
<Category>Eyeglass Lenses</Category>
<Subcategory>Bifocal</Subcategory>
<Description>Bifocal Polycarbonate with Anti-reflection coating</Description>
<Retail_Price>109.50</Retail_Price>
</Product>

<Product ID="284">
<Category>Eyeglass Lenses</Category>
<Subcategory>Bifocal</Subcategory>
<Description>Bifocal transitions with anti-reflection coating</Description>
<Retail_Price>117.00</Retail_Price>
</Product>

<Product ID="285">
<Category>Eyeglass Lenses</Category>
<Subcategory>Bifocal</Subcategory>
<Description>Bifocal Transitions(Grey or Brown)</Description>
<Retail_Price>92.00</Retail_Price>
</Product>

<Product ID="286">
<Category>Eyeglass Lenses</Category>
<Subcategory>Trifocal</Subcategory>
<Description>Trifocal Hi-Index</Description>
<Retail_Price>119.50</Retail_Price>
</Product>

<Product ID="287">
<Category>Eyeglass Lenses</Category>
<Subcategory>Trifocal</Subcategory>
<Description>Trifocal Hi-Index (ultra thin) with anti reflection coating</Description>
<Retail_Price>139.50</Retail_Price>
</Product>

<Product ID="288">
<Category>Eyeglass Lenses</Category>
<Subcategory>Trifocal</Subcategory>
<Description>Trifocal plastic with Anti-reflection coating</Description>
<Retail_Price>99.50</Retail_Price>
</Product>

<Product ID="289">
<Category>Eyeglass Lenses</Category>
<Subcategory>Trifocal</Subcategory>
<Description>Trifocal plastic with scratch coat</Description>
<Retail_Price>74.50</Retail_Price>
</Product>

<Product ID="290">
<Category>Eyeglass Lenses</Category>
<Subcategory>Trifocal</Subcategory>
<Description>Trifocal plastic with scratch coat UV and tint</Description>
<Retail_Price>84.50</Retail_Price>
</Product>

<Product ID="291">
<Category>Eyeglass Lenses</Category>
<Subcategory>Trifocal</Subcategory>
<Description>Trifocal polycarbonate (UV and scratch coat)</Description>
<Retail_Price>104.50</Retail_Price>
</Product>

<Product ID="292">
<Category>Eyeglass Lenses</Category>
<Subcategory>Trifocal</Subcategory>
<Description>Trifocal polycarbonate with anti reflection lenses</Description>
<Retail_Price>124.50</Retail_Price>
</Product>

<Product ID="293">
<Category>Eyeglass Lenses</Category>
<Subcategory>Trifocal</Subcategory>
<Description>Trifocal Transitions</Description>
<Retail_Price>112.00</Retail_Price>
</Product>

<Product ID="294">
<Category>Eyeglass Lenses</Category>
<Subcategory>Trifocal</Subcategory>
<Description>Trifocal Transitions with Anti-reflection coating</Description>
<Retail_Price>137.00</Retail_Price>
</Product>

<Product ID="295">
<Category>Eyeglass Lenses</Category>
<Subcategory>Progressive</Subcategory>
<Description>Hi Index progressive Transtions with Anti reflection</Description>
<Retail_Price>222.00</Retail_Price>
</Product>

<Product ID="296">
<Category>Eyeglass Lenses</Category>
<Subcategory>Progressive</Subcategory>
<Description>Hi-Index progressive Transtions</Description>
<Retail_Price>202.00</Retail_Price>
</Product>

<Product ID="297">
<Category>Eyeglass Lenses</Category>
<Subcategory>Progressive</Subcategory>
<Description>Hi-Index progressives</Description>
<Retail_Price>119.50</Retail_Price>
</Product>

<Product ID="298">
<Category>Eyeglass Lenses</Category>
<Subcategory>Progressive</Subcategory>
<Description>Hi-Index progressives with anti-reflection</Description>
<Retail_Price>139.50</Retail_Price>
</Product>

<Product ID="299">
<Category>Eyeglass Lenses</Category>
<Subcategory>Progressive</Subcategory>
<Description>Plastic progressive lenses (Basic)</Description>
<Retail_Price>87.00</Retail_Price>
</Product>

<Product ID="300">
<Category>Eyeglass Lenses</Category>
<Subcategory>Progressive</Subcategory>
<Description>Plastic progressive lenses (Scratch Coat and UV)</Description>
<Retail_Price>87.00</Retail_Price>
</Product>

<Product ID="301">
<Category>Eyeglass Lenses</Category>
<Subcategory>Progressive</Subcategory>
<Description>Plastic progressive Transitions with Anti reflection coating</Description>
<Retail_Price>322.80</Retail_Price>
</Product>

<Product ID="302">
<Category>Eyeglass Lenses</Category>
<Subcategory>Progressive</Subcategory>
<Description>Plastic progressives with Anti-reflection coating</Description>
<Retail_Price>112.00</Retail_Price>
</Product>

<Product ID="303">
<Category>Eyeglass Lenses</Category>
<Subcategory>Progressive</Subcategory>
<Description>Plastic progressives with UV tint and scratch coat</Description>
<Retail_Price>107.00</Retail_Price>
</Product>

<Product ID="304">
<Category>Eyeglass Lenses</Category>
<Subcategory>Progressive</Subcategory>
<Description>Polycarbonate progressive with Anti-reflection coating</Description>
<Retail_Price>124.50</Retail_Price>
</Product>

<Product ID="305">
<Category>Eyeglass Lenses</Category>
<Subcategory>Progressive</Subcategory>
<Description>Polycarbonate progressives (UV and Scratch Coat)</Description>
<Retail_Price>99.50</Retail_Price>
</Product>

<Product ID="306">
<Category>Eyeglass Lenses</Category>
<Subcategory>Progressive</Subcategory>
<Description>Progressive Plastic Transitions</Description>
<Retail_Price>124.50</Retail_Price>
</Product>

<Product ID="307">
<Category>Eyeglass Lenses</Category>
<Subcategory>Premium Progressive</Subcategory>
<Description>Hi-Index premium progressive</Description>
<Retail_Price>164.50</Retail_Price>
</Product>

<Product ID="308">
<Category>Eyeglass Lenses</Category>
<Subcategory>Premium Progressive</Subcategory>
<Description>Hi-Index premium progressive Transitions</Description>
<Retail_Price>202.00</Retail_Price>
</Product>

<Product ID="309">
<Category>Eyeglass Lenses</Category>
<Subcategory>Premium Progressive</Subcategory>
<Description>Hi-Index premium progressives transition with anti reflection coating</Description>
<Retail_Price>222.00</Retail_Price>
</Product>

<Product ID="310">
<Category>Eyeglass Lenses</Category>
<Subcategory>Premium Progressive</Subcategory>
<Description>Hi-Index premium progressives with anti reflection coating</Description>
<Retail_Price>184.50</Retail_Price>
</Product>

<Product ID="311">
<Category>Eyeglass Lenses</Category>
<Subcategory>Premium Progressive</Subcategory>
<Description>Polycarbonate premium progressives (UV and Scratch Coat)</Description>
<Retail_Price>119.50</Retail_Price>
</Product>

<Product ID="312">
<Category>Eyeglass Lenses</Category>
<Subcategory>Premium Progressive</Subcategory>
<Description>Polycarbonate premium progressives with anti reflection coating</Description>
<Retail_Price>144.50</Retail_Price>
</Product>

<Product ID="313">
<Category>Eyeglass Lenses</Category>
<Subcategory>Premium Progressive</Subcategory>
<Description>Premium plastic progressives</Description>
<Retail_Price>107.00</Retail_Price>
</Product>

<Product ID="314">
<Category>Eyeglass Lenses</Category>
<Subcategory>Premium Progressive</Subcategory>
<Description>Premium PRG plastic transitions with Anti-reflection coating</Description>
<Retail_Price>169.50</Retail_Price>
</Product>

<Product ID="315">
<Category>Eyeglass Lenses</Category>
<Subcategory>Premium Progressive</Subcategory>
<Description>Premium Progressive Plastic with scratch coat</Description>
<Retail_Price>107.00</Retail_Price>
</Product>

<Product ID="316">
<Category>Eyeglass Lenses</Category>
<Subcategory>Premium Progressive</Subcategory>
<Description>Premium progressive Transtions</Description>
<Retail_Price>144.50</Retail_Price>
</Product>

<Product ID="317">
<Category>Eyeglass Lenses</Category>
<Subcategory>Premium Progressive</Subcategory>
<Description>Premium progressives plastic with anti reflection coating</Description>
<Retail_Price>132.00</Retail_Price>
</Product>

<Product ID="318">
<Category>Eyeglass Lenses</Category>
<Subcategory>Premium Progressive</Subcategory>
<Description>Premium progressives plastic with UV tint scratch coat</Description>
<Retail_Price>127.00</Retail_Price>
</Product>

<Product ID="319">
<Category>Reading Glasses</Category>
<Subcategory>N/A
</Subcategory>
<Description>Readers</Description>
<Retail_Price>47.94</Retail_Price>
</Product>

<Product ID="320">
<Category>Sunglasses</Category>
<Subcategory>N/A
</Subcategory>
<Description>B&amp;L Killer Loops</Description>
<Retail_Price>114.00</Retail_Price>
</Product>

<Product ID="321">
<Category>Sunglasses</Category>
<Subcategory>N/A
</Subcategory>
<Description>B&amp;L Killer Loops Polarized</Description>
<Retail_Price>142.80</Retail_Price>
</Product>

<Product ID="322">
<Category>Sunglasses</Category>
<Subcategory>N/A
</Subcategory>
<Description>Calvin Klein</Description>
<Retail_Price>127.20</Retail_Price>
</Product>

<Product ID="323">
<Category>Sunglasses</Category>
<Subcategory>N/A
</Subcategory>
<Description>CK</Description>
<Retail_Price>129.00</Retail_Price>
</Product>

<Product ID="324">
<Category>Sunglasses</Category>
<Subcategory>N/A
</Subcategory>
<Description>COACH</Description>
<Retail_Price>199.00</Retail_Price>
</Product>

<Product ID="325">
<Category>Sunglasses</Category>
<Subcategory>N/A
</Subcategory>
<Description>Costa Del Mar Metal</Description>
<Retail_Price>191.20</Retail_Price>
</Product>

<Product ID="326">
<Category>Sunglasses</Category>
<Subcategory>N/A
</Subcategory>
<Description>Costa Del Mar Mirror Glass Plastic</Description>
<Retail_Price>191.20</Retail_Price>
</Product>

<Product ID="327">
<Category>Sunglasses</Category>
<Subcategory>N/A
</Subcategory>
<Description>Costa Del Mar plastic</Description>
<Retail_Price>159.20</Retail_Price>
</Product>

<Product ID="328">
<Category>Sunglasses</Category>
<Subcategory>N/A
</Subcategory>
<Description>Covergirl sun</Description>
<Retail_Price>129.00</Retail_Price>
</Product>

<Product ID="329">
<Category>Sunglasses</Category>
<Subcategory>N/A
</Subcategory>
<Description>DeVons</Description>
<Retail_Price>49.00</Retail_Price>
</Product>

<Product ID="330">
<Category>Sunglasses</Category>
<Subcategory>N/A
</Subcategory>
<Description>Emporio Armani</Description>
<Retail_Price>142.80</Retail_Price>
</Product>

<Product ID="331">
<Category>Sunglasses</Category>
<Subcategory>N/A
</Subcategory>
<Description>Fossil</Description>
<Retail_Price>106.08</Retail_Price>
</Product>

<Product ID="332">
<Category>Sunglasses</Category>
<Subcategory>N/A
</Subcategory>
<Description>Giorgio Armani Metals</Description>
<Retail_Price>229.20</Retail_Price>
</Product>

<Product ID="333">
<Category>Sunglasses</Category>
<Subcategory>N/A
</Subcategory>
<Description>Giorgio Armani Plastics</Description>
<Retail_Price>190.80</Retail_Price>
</Product>

<Product ID="334">
<Category>Sunglasses</Category>
<Subcategory>N/A
</Subcategory>
<Description>GUCCI</Description>
<Retail_Price>269.00</Retail_Price>
</Product>

<Product ID="335">
<Category>Sunglasses</Category>
<Subcategory>N/A
</Subcategory>
<Description>Kenneth Cole</Description>
<Retail_Price>135.20</Retail_Price>
</Product>

<Product ID="336">
<Category>Sunglasses</Category>
<Subcategory>N/A
</Subcategory>
<Description>Maui Jim</Description>
<Retail_Price>220.00</Retail_Price>
</Product>

<Product ID="337">
<Category>Sunglasses</Category>
<Subcategory>N/A
</Subcategory>
<Description>Oakley Metals</Description>
<Retail_Price>118.80</Retail_Price>
</Product>

<Product ID="338">
<Category>Sunglasses</Category>
<Subcategory>N/A
</Subcategory>
<Description>Oakley Plastics</Description>
<Retail_Price>118.80</Retail_Price>
</Product>

<Product ID="339">
<Category>Sunglasses</Category>
<Subcategory>N/A
</Subcategory>
<Description>Police</Description>
<Retail_Price>189.00</Retail_Price>
</Product>

<Product ID="340">
<Category>Sunglasses</Category>
<Subcategory>N/A
</Subcategory>
<Description>Prada</Description>
<Retail_Price>329.00</Retail_Price>
</Product>

<Product ID="341">
<Category>Sunglasses</Category>
<Subcategory>N/A
</Subcategory>
<Description>Ralph Lauren</Description>
<Retail_Price>94.80</Retail_Price>
</Product>

<Product ID="342">
<Category>Sunglasses</Category>
<Subcategory>N/A
</Subcategory>
<Description>Ralph Lauren Polarized</Description>
<Retail_Price>142.80</Retail_Price>
</Product>

<Product ID="343">
<Category>Sunglasses</Category>
<Subcategory>N/A
</Subcategory>
<Description>Ray Ban Metals</Description>
<Retail_Price>123.60</Retail_Price>
</Product>

<Product ID="344">
<Category>Sunglasses</Category>
<Subcategory>N/A
</Subcategory>
<Description>Ray Ban Plastics</Description>
<Retail_Price>104.40</Retail_Price>
</Product>

<Product ID="345">
<Category>Sunglasses</Category>
<Subcategory>N/A
</Subcategory>
<Description>Revo</Description>
<Retail_Price>118.80</Retail_Price>
</Product>

<Product ID="346">
<Category>Sunglasses</Category>
<Subcategory>N/A
</Subcategory>
<Description>Rudy Project Metals</Description>
<Retail_Price>135.20</Retail_Price>
</Product>

<Product ID="347">
<Category>Sunglasses</Category>
<Subcategory>N/A
</Subcategory>
<Description>Rudy Project Plastics</Description>
<Retail_Price>103.20</Retail_Price>
</Product>

<Product ID="348">
<Category>Sunglasses</Category>
<Subcategory>N/A
</Subcategory>
<Description>Rudy Projects Metal Poly/Polarized</Description>
<Retail_Price>190.80</Retail_Price>
</Product>

<Product ID="349">
<Category>Sunglasses</Category>
<Subcategory>N/A
</Subcategory>
<Description>Rudy Projects Poly Polarized Plastic</Description>
<Retail_Price>135.20</Retail_Price>
</Product>

<Product ID="350">
<Category>Sunglasses</Category>
<Subcategory>N/A
</Subcategory>
<Description>Vera Wang</Description>
<Retail_Price>189.00</Retail_Price>
</Product>

<Product ID="351">
<Category>Sunglasses</Category>
<Subcategory>N/A
</Subcategory>
<Description>Versace</Description>
<Retail_Price>215.00</Retail_Price>
</Product>

<Product ID="352">
<Category>Sunglasses</Category>
<Subcategory>N/A
</Subcategory>
<Description>Versus</Description>
<Retail_Price>159.00</Retail_Price>
</Product>

<Product ID="353">
<Category>Sunglasses</Category>
<Subcategory>N/A
</Subcategory>
<Description>WileyX</Description>
<Retail_Price>120.00</Retail_Price>
</Product>

<Product ID="354">
<Category>Accessories</Category>
<Subcategory>N/A
</Subcategory>
<Description>1 YEAR WARRANTY</Description>
<Retail_Price>10.00</Retail_Price>
</Product>

<Product ID="355">
<Category>Accessories</Category>
<Subcategory>N/A
</Subcategory>
<Description>Accessory Quick Sale</Description>
<Retail_Price>1.20</Retail_Price>
</Product>

<Product ID="356">
<Category>Accessories</Category>
<Subcategory>N/A
</Subcategory>
<Description>Cleaning Cloths</Description>
<Retail_Price>8.40</Retail_Price>
</Product>

<Product ID="357">
<Category>Accessories</Category>
<Subcategory>N/A
</Subcategory>
<Description>Cleaning Cloths (eyeglasses)</Description>
<Retail_Price>3.60</Retail_Price>
</Product>

<Product ID="358">
<Category>Accessories</Category>
<Subcategory>N/A
</Subcategory>
<Description>Designer Eyeglass Cases</Description>
<Retail_Price>9.60</Retail_Price>
</Product>

<Product ID="359">
<Category>Accessories</Category>
<Subcategory>N/A
</Subcategory>
<Description>DISCOUNT</Description>
<Retail_Price>-15.00</Retail_Price>
</Product>

<Product ID="360">
<Category>Accessories</Category>
<Subcategory>N/A
</Subcategory>
<Description>Drilling fee</Description>
<Retail_Price>28.00</Retail_Price>
</Product>

<Product ID="361">
<Category>Accessories</Category>
<Subcategory>N/A
</Subcategory>
<Description>edging fee</Description>
<Retail_Price>10.00</Retail_Price>
</Product>

<Product ID="362">
<Category>Accessories</Category>
<Subcategory>N/A
</Subcategory>
<Description>Float Kat (strap)</Description>
<Retail_Price>12.00</Retail_Price>
</Product>

<Product ID="363">
<Category>Accessories</Category>
<Subcategory>N/A
</Subcategory>
<Description>Hard Eyeglass Case</Description>
<Retail_Price>7.20</Retail_Price>
</Product>

<Product ID="364">
<Category>Accessories</Category>
<Subcategory>N/A
</Subcategory>
<Description>Kat Crap</Description>
<Retail_Price>6.00</Retail_Price>
</Product>

<Product ID="365">
<Category>Accessories</Category>
<Subcategory>N/A
</Subcategory>
<Description>Kat Strap</Description>
<Retail_Price>8.40</Retail_Price>
</Product>

<Product ID="366">
<Category>Accessories</Category>
<Subcategory>N/A
</Subcategory>
<Description>Key Kats</Description>
<Retail_Price>6.00</Retail_Price>
</Product>

<Product ID="367">
<Category>Accessories</Category>
<Subcategory>N/A
</Subcategory>
<Description>Mirror</Description>
<Retail_Price>50.00</Retail_Price>
</Product>

<Product ID="368">
<Category>Accessories</Category>
<Subcategory>N/A
</Subcategory>
<Description>Polarize</Description>
<Retail_Price>78.00</Retail_Price>
</Product>

<Product ID="369">
<Category>Accessories</Category>
<Subcategory>N/A
</Subcategory>
<Description>refund</Description>
<Retail_Price>-15.00</Retail_Price>
</Product>

<Product ID="370">
<Category>Accessories</Category>
<Subcategory>N/A
</Subcategory>
<Description>Soft Eyeglass Case</Description>
<Retail_Price>3.60</Retail_Price>
</Product>

<Product ID="371">
<Category>Accessories</Category>
<Subcategory>N/A
</Subcategory>
<Description>Spray cleaner</Description>
<Retail_Price>3.00</Retail_Price>
</Product>

<Product ID="372">
<Category>Accessories</Category>
<Subcategory>N/A
</Subcategory>
<Description>Sun Clip Ons</Description>
<Retail_Price>34.74</Retail_Price>
</Product>

<Product ID="373">
<Category>Accessories</Category>
<Subcategory>N/A
</Subcategory>
<Description>Sun Clip(polarized)</Description>
<Retail_Price>46.74</Retail_Price>
</Product>

<Product ID="374">
<Category>Exam</Category>
<Subcategory>N/A
</Subcategory>
<Description>Busy time contact lens fitting 15 min</Description>
<Retail_Price>75.00</Retail_Price>
</Product>

<Product ID="375">
<Category>Exam</Category>
<Subcategory>N/A
</Subcategory>
<Description>Busy time eye exam 15 min</Description>
<Retail_Price>35.00</Retail_Price>
</Product>

<Product ID="376">
<Category>Exam</Category>
<Subcategory>N/A
</Subcategory>
<Description>Non-Student Contact Lens Exam</Description>
<Retail_Price>90.00</Retail_Price>
</Product>

<Product ID="377">
<Category>Exam</Category>
<Subcategory>N/A
</Subcategory>
<Description>Non-Student Eye Exam</Description>
<Retail_Price>54.00</Retail_Price>
</Product>

<Product ID="378">
<Category>Exam</Category>
<Subcategory>N/A
</Subcategory>
<Description>NonStudent Office Visit (Red Eye)</Description>
<Retail_Price>72.00</Retail_Price>
</Product>

<Product ID="379">
<Category>Exam</Category>
<Subcategory>N/A
</Subcategory>
<Description>Student Contact Lens Exam</Description>
<Retail_Price>66.00</Retail_Price>
</Product>

<Product ID="380">
<Category>Exam</Category>
<Subcategory>N/A
</Subcategory>
<Description>Student Eye Exams</Description>
<Retail_Price>30.00</Retail_Price>
</Product>

<Product ID="381">
<Category>Exam</Category>
<Subcategory>N/A
</Subcategory>
<Description>Student Office Visits (Red Eye)</Description>
<Retail_Price>60.00</Retail_Price>
</Product>

<Product ID="382">
<Category>Repairs</Category>
<Subcategory>N/A
</Subcategory>
<Description>Repairs Solder Point(per point)</Description>
<Retail_Price>35.94</Retail_Price>
</Product>

<Product ID="383">
<Category>Repairs</Category>
<Subcategory>N/A
</Subcategory>
<Description>Screw replacement</Description>
<Retail_Price>1.00</Retail_Price>
</Product>

<Product ID="384">
<Category>Repairs</Category>
<Subcategory>N/A
</Subcategory>
<Description>Silicone nose pads</Description>
<Retail_Price>8.00</Retail_Price>
</Product>

<Product ID="385">
<Category>Repairs</Category>
<Subcategory>N/A
</Subcategory>
<Description>Temple replacement</Description>
<Retail_Price>28.00</Retail_Price>
</Product>

<Product ID="386">
<Category>Shipping &amp; Handling</Category>
<Subcategory>N/A
</Subcategory>
<Description>S and H next day air</Description>
<Retail_Price>11.95</Retail_Price>
</Product>

<Product ID="387">
<Category>Shipping &amp; Handling</Category>
<Subcategory>N/A
</Subcategory>
<Description>S and H next day express by noon</Description>
<Retail_Price>14.95</Retail_Price>
</Product>

<Product ID="388">
<Category>Shipping &amp; Handling</Category>
<Subcategory>N/A
</Subcategory>
<Description>S and H second day air</Description>
<Retail_Price>8.95</Retail_Price>
</Product>

<Product ID="389">
<Category>Shipping &amp; Handling</Category>
<Subcategory>N/A
</Subcategory>
<Description>S and H UPS ground and USPS</Description>
<Retail_Price>5.95</Retail_Price>
</Product>

<Product ID="390">
<Category>Accessories</Category>
<Subcategory>N/A
</Subcategory>
<Description>Antireflective Coating</Description>
<Retail_Price>10.00</Retail_Price>
</Product>

<Product ID="391">
<Category>Eyeglass Lens Option</Category>
<Subcategory>N/A
</Subcategory>
<Description>Antireflective Coating</Description>
<Retail_Price>10.00</Retail_Price>
</Product>

<Product ID="392">
<Category>Eyeglass Lens Option</Category>
<Subcategory>N/A
</Subcategory>
<Description>Tint</Description>
<Retail_Price>7.50</Retail_Price>
</Product>

<Product ID="393">
<Category>Eyeglass Lens Option</Category>
<Subcategory>N/A
</Subcategory>
<Description>Edging</Description>
<Retail_Price>12.00</Retail_Price>
</Product>

<Product ID="394">
<Category>Accessories</Category>
<Subcategory>N/A
</Subcategory>
<Description>Store credit</Description>
<Retail_Price>0</Retail_Price>
</Product>

</Products>
